1  Fabian   Lopez fabianlopez@gmail.com fabian_12345
2  Alberto   Sanchez albertitodm@gmail.com albertitotv
3  Lucas Ezequiel   Apaza lucasezequielapaza15@gmail.com luka21234  Diego  Barrios dieguitobarrios@gmail.com diegodm1234
4  Diego   Barrios dieguitobarrios@gmail.com diegodm1234
5  Franco  Villalva frankito@gmail.com frankito222
